{"cameraMode":{"drawMode":0,"name":"Shaded","section":"Shading Mode"},"sceneLighting":true,"audioPlay":false,"sceneViewState":{"m_AlwaysRefresh":false,"showFog":true,"showSkybox":true,"showFlares":true,"showImageEffects":true,"showParticleSystems":true,"showVisualEffectGraphs":true,"m_FxEnabled":true},"in2DMode":false,"pivot":{"x":45.260650634765628,"y":77.89848327636719,"z":-54.501617431640628},"rotation":{"x":-0.027997056022286416,"y":-0.38844430446624758,"z":0.01155770942568779,"w":-0.9205436706542969},"size":22.03145980834961,"orthographic":false}