{"cameraMode":{"drawMode":0,"name":"Shaded","section":"Shading Mode"},"sceneLighting":true,"audioPlay":false,"sceneViewState":{"m_AlwaysRefresh":false,"showFog":true,"showSkybox":true,"showFlares":true,"showImageEffects":true,"showParticleSystems":true,"showVisualEffectGraphs":true,"m_FxEnabled":true},"in2DMode":false,"pivot":{"x":1244.0648193359375,"y":688.3455200195313,"z":-1115.035888671875},"rotation":{"x":-0.1169670820236206,"y":0.007137136068195105,"z":-0.0008962893043644726,"w":-0.9925450086593628},"size":70.71067810058594,"orthographic":false}