{"cameraMode":{"drawMode":0,"name":"Shaded","section":"Shading Mode"},"sceneLighting":true,"audioPlay":false,"sceneViewState":{"m_AlwaysRefresh":false,"showFog":true,"showSkybox":true,"showFlares":true,"showImageEffects":true,"showParticleSystems":true,"showVisualEffectGraphs":true,"m_FxEnabled":true},"in2DMode":false,"pivot":{"x":909.5271606445313,"y":953.7390747070313,"z":-1176.7606201171875},"rotation":{"x":0.10797074437141419,"y":0.04771293327212334,"z":-0.004949927795678377,"w":0.992878794670105},"size":84.10828399658203,"orthographic":false}